key_factor,division,sentiment_score,probability,assessment,quote,timestamp_duration,date,link,episode_name
AI-driven Features and Their Impact on Tesla's Innovation,AI and Innovation,-0.3,0.8,"While Tesla's AI-driven features are a selling point, the podcast discusses potential pitfalls, such as AI not performing as expected. The sentiment is slightly negative, reflecting concerns about AI's reliability in delivering the promised user experience.","The AI was supposed to kick in, but it just showed locations, with almost every photo having no one in it.",00:31:20 - 00:31:30,08/04/2024,https://www.youtube.com/watch?v=HKgKSIiDoso,"Get at the Young Youngs - Tesla Robotaxi, Marissa Mayer’s Sunshine"
Increased popularity and adoption of e-bikes,Automotive,0.5,0.8,"The rising popularity of e-bikes presents both opportunities and challenges for Tesla. While it could be seen as a competitive threat to Tesla’s automotive division, it also opens up new markets for Tesla to innovate in micro-mobility solutions. The company’s established expertise in battery technology could give it a competitive edge in this space if they choose to enter.","Now they're everywhere, especially older than, you know, boomer generation and above. But it's phenomenal.",00:26:13 - 00:26:20,18/03/2024,https://anchor.fm/s/92e5cf8/podcast/play/84178691/https%3A%2F%d3ctxlq1ktw2nl.cloudfront.net%2Fstaging%2F2024-2-18%2F371292174-44100-2-349b1451650f1.m4a,16 Years in the Cleantech Revolution
Apple's Exit from the Car Market,Automotive,0.7,0.9,"Apple's decision to cancel its car project alleviates potential competitive pressure on Tesla, especially in the premium electric vehicle market. Tesla, already a dominant player, now faces one less major tech competitor trying to disrupt its space, which could positively impact its market share and pricing power.","Apple car was doomed by its lofty ambitions to outdo Tesla... Apple did something with the car that they rarely do which is look over their shoulders at another company and say 'oh, you know, we should do that and we should beat them at their own game.'",00:09:03 - 00:09:37,04/03/2024,https://pdst.fm/e/pscrb.fm/rss/p/cdn.twit.tv/libsyn/twit_969/b26992aa-b1b1-4f90-a2b7-efc6a7d4b42a/R1_twit0969.mp3,"Chasing Shadows in the Digital Abyss - Doomed Apple Car, Chinese EVs, MWC Roundup"
Rise of Chinese EV Brands,Automotive,-0.5,0.85,"The growing dominance of Chinese domestic EV brands presents a significant challenge for Tesla in one of its key markets. This shift could lead to increased competition and pressure on Tesla's market share, particularly as Chinese brands are offering competitive EVs at lower price points.","Over the last few years, that has really shifted... Chinese domestic brands now have a significant majority of sales in China... Especially on the EV front. It would have been nearly impossible for Apple to really be competitive in that marketplace.",00:21:03 - 00:21:20,04/03/2024,https://pdst.fm/e/pscrb.fm/rss/p/cdn.twit.tv/libsyn/twit_969/b26992aa-b1b1-4f90-a2b7-efc6a7d4b42a/R1_twit0969.mp3,"Chasing Shadows in the Digital Abyss - Doomed Apple Car, Chinese EVs, MWC Roundup"
Adoption of EVs by Municipal Fleets,Automotive,0.7,0.85,"Tesla's ability to supply EVs to municipal fleets is a significant growth opportunity, especially as these fleets are looking to transition from ICE vehicles. The cost advantage in terms of maintenance and fuel, as well as the long-term value of EVs, makes them an attractive option for municipalities. However, challenges such as fleet management practices and the need for customized upfitting solutions could slow adoption.",You can make a lot better case for an EV at idle than you can an ICE car because the fuel spend is significantly less.,00:12:00 - 00:12:30,25/02/2024,https://anchor.fm/s/92e5cf8/podcast/play/82871822/https%3A%2F%2Fd3ctxlq1ktw2nl.cloudfront.net%2Fstaging%2F2024-1-19%2F367966679-44100-2-57e647aac537e.m4a,"Electrifying Government Fleets — Police, Charging Stations, Etc."
Customization and Upfitting Requirements,Automotive,0.4,0.7,"Municipal fleets require vehicles to be customized and upfitted to meet specific needs, such as durable seating, weapon trays, and other modifications. Tesla's current vehicle offerings may require significant adaptation to meet these needs, which could be a barrier to entry. However, partnerships with companies that specialize in upfitting could mitigate this issue.","We took a Model S, a Model Y, and a Model 3 to a local PD... The seats are way too soft; we need to have something that's a lot more durable.",00:13:00 - 00:14:00,25/02/2024,https://anchor.fm/s/92e5cf8/podcast/play/82871822/https%3A%2F%2Fd3ctxlq1ktw2nl.cloudfront.net%2Fstaging%2F2024-1-19%2F367966679-44100-2-57e647aac537e.m4a,"Electrifying Government Fleets — Police, Charging Stations, Etc."
Economic Considerations for Municipal Leasing,Automotive,0.6,0.8,"The economic advantages of leasing EVs, such as lower fuel and maintenance costs, make them a compelling option for municipalities. However, the higher initial costs and the complexity of financing for EVs compared to ICE vehicles could pose challenges.",You can do a five-year purchase on the asset with the upfit plus the infrastructure on a separate term.,00:20:00 - 00:21:00,25/02/2024,https://anchor.fm/s/92e5cf8/podcast/play/82871822/https%3A%2F%2Fd3ctxlq1ktw2nl.cloudfront.net%2Fstaging%2F2024-1-19%2F367966679-44100-2-57e647aac537e.m4a,"Electrifying Government Fleets — Police, Charging Stations, Etc."
Performance and speed of Tesla's electric vehicles,Automotive,0.8,0.95,The podcast discusses how Tesla's early emphasis on performance and speed has successfully shifted public perception of electric vehicles. The ability to match or outperform traditional internal combustion vehicles in terms of acceleration and speed is a significant positive factor for Tesla's automotive division.,"Thanks to the work Tesla did early on, nobody thinks electric vehicles are slow anymore.",00:10:50 - 00:11:05,19/02/2024,https://anchor.fm/s/92e5cf8/podcast/play/82869788/https%3A%2F%d3ctxlq1ktw2nl.cloudfront.net%2Fstaging%2F2024-1-19%2F367961909-44100-2-66722fd7bd06e.m4a,"EV Myths, Confusion, & Reality"
Accelerated deployment of clean technologies through finance,Automotive,0.6,0.8,"The ability of financial institutions to support the accelerated deployment of clean technologies, such as electric vehicles, aligns with Tesla's goals. This could drive faster adoption of Tesla's vehicles, supported by more accessible financing options.","By providing lower cost, more accessible financing, we can deploy more of these technologies that we need at a much faster rate.",00:05:04 - 00:05:55,19/04/2024,https://anchor.fm/s/92e5cf8/podcast/play/85430659/https%3A%2F%2Fd3ctxlq1ktw2nl.cloudfront.net%2Fstaging%2F2024-3-15%2F374355258-44100-2-8068697455e8a.m4a,How the Financial System Can Accelerate the Cleantech Revolution
Climate Change Risks and Economic Impact,Automotive,-0.4,0.85,"Climate change and the associated risks, such as fires and unpredictable snowfall, present challenges for Tesla's automotive division, particularly in regions dependent on recreation and tourism. These factors could affect consumer demand for Tesla vehicles in these areas, contributing to a slightly negative sentiment.","When you have fires in the summer, you can't recreate because of air quality, and no one wants to be in a place with a lot of smoke.",00:03:45 - 00:04:00,05/02/2024,https://anchor.fm/s/92e5cf8/podcast/play/82245685/https%3A%2F%d3ctxlq1ktw2nl.cloudfront.net%2Fstaging%2F2024-1-5%2F366288213-44100-2-0235e4a46522c.m4a,"Resilience in Face of Climate Crisis, & COP28 Highlights"
Tesla Roadster delay and redesign,Automotive,-0.4,0.85,"The continuous delays and redesigns of the Tesla Roadster have led to skepticism about the vehicle's future, negatively affecting Tesla's credibility in delivering promised products. The frequent changes in design goals and the lack of clear timelines have also diminished investor and consumer confidence.","In other words, it's delayed again...That's one way to say the design is far from finished and production won't start until 2027 at the earliest.",00:25:00 - 00:25:20,01/03/2024,https://www.youtube.com/watch?v=gKO2heHxaM0,Tesla Roadster and Fisker Ocean Updates
Market competition from other electric hypercars,Automotive,-0.2,0.8,"The emergence of fully electric hypercars like the Rimac Nevera has challenged Tesla's position in the high-performance EV market. These competitors are already delivering on promises of extreme performance, which puts pressure on Tesla to match or exceed these capabilities. This competitive pressure is a negative factor, as Tesla must now innovate beyond its initial roadmap to remain a leader in this segment.",The Roadster no longer beats those cars at anything... so the one thing that does make this stand out is if we do this SpaceX collab.,00:07:00 - 00:07:30,01/03/2024,https://www.youtube.com/watch?v=gKO2heHxaM0,Tesla Roadster and Fisker Ocean Updates
Adoption of EVs by Municipal Fleets,Automotive,0.7,0.85,"Tesla's ability to supply EVs to municipal fleets is a significant growth opportunity, especially as these fleets are looking to transition from ICE vehicles. The cost advantage in terms of maintenance and fuel, as well as the long-term value of EVs, makes them an attractive option for municipalities. However, challenges such as fleet management practices and the need for customized upfitting solutions could slow adoption.",You can make a lot better case for an EV at idle than you can an ICE car because the fuel spend is significantly less.,00:12:00 - 00:12:30,23/02/2024,https://anchor.fm/s/92e5cf8/podcast/play/83066953/https%3A%2F%2Fd3ctxlq1ktw2nl.cloudfront.net%2Fstaging%2F2024-1-23%2F368442942-44100-2-9a9372c5b0c5d.m4a,"The Changing US Solar Industry — IRA, Net Metering, & More"
Customization and Upfitting Requirements,Automotive,0.4,0.7,"Municipal fleets require vehicles to be customized and upfitted to meet specific needs, such as durable seating, weapon trays, and other modifications. Tesla's current vehicle offerings may require significant adaptation to meet these needs, which could be a barrier to entry. However, partnerships with companies that specialize in upfitting could mitigate this issue.","We took a Model S, a Model Y, and a Model 3 to a local PD... The seats are way too soft; we need to have something that's a lot more durable.",00:13:00 - 00:14:00,23/02/2024,https://anchor.fm/s/92e5cf8/podcast/play/83066953/https%3A%2F%2Fd3ctxlq1ktw2nl.cloudfront.net%2Fstaging%2F2024-1-23%2F368442942-44100-2-9a9372c5b0c5d.m4a,"The Changing US Solar Industry — IRA, Net Metering, & More"
Economic Considerations for Municipal Leasing,Automotive,0.6,0.8,"The economic advantages of leasing EVs, such as lower fuel and maintenance costs, make them a compelling option for municipalities. However, the higher initial costs and the complexity of financing for EVs compared to ICE vehicles could pose challenges.",You can do a five-year purchase on the asset with the upfit plus the infrastructure on a separate term.,00:20:00 - 00:21:00,23/02/2024,https://anchor.fm/s/92e5cf8/podcast/play/83066953/https%3A%2F%2Fd3ctxlq1ktw2nl.cloudfront.net%2Fstaging%2F2024-1-23%2F368442942-44100-2-9a9372c5b0c5d.m4a,"The Changing US Solar Industry — IRA, Net Metering, & More"
Cybertruck resellers being punished by Tesla,Automotive,-0.7,0.9,Tesla's decision to punish Cybertruck resellers indicates a strict control over the resale market. This could negatively impact customer satisfaction and market perception if customers feel restricted in their ownership rights.,Cybertruck reseller is being punished by Tesla.,00:01:01 - 00:01:10,15/03/2024,https://www.youtube.com/watch?v=y6stCjgewfQ,You Can’t Sell Your Cybertruck and Nikon Buys RED
SpaceX collaboration for the Roadster,Automotive/Technology,0.3,0.7,"The potential inclusion of SpaceX technology in the Roadster, such as cold gas thrusters, represents a significant innovation. While this could position Tesla as a leader in automotive technology, the practicality and regulatory challenges of integrating such features into a consumer vehicle may limit its impact. The positive sentiment comes from the innovative potential, though it is tempered by the uncertainty of execution.",SpaceX collab...production design complete and unveil end of year aiming to ship next year.,00:05:00 - 00:05:20,01/03/2024,https://www.youtube.com/watch?v=gKO2heHxaM0,Tesla Roadster and Fisker Ocean Updates
Technological feasibility of the Roadster's capabilities,Automotive/Technology,-0.3,0.75,"There is significant doubt about the feasibility of achieving the promised performance metrics, such as a sub-one-second 0 to 60 mph acceleration using cold gas thrusters. The technical challenges and safety concerns surrounding this feature may hinder its implementation and acceptance, impacting Tesla's ability to deliver on its promises.",How much of the Roadster promises were based on assumptions about improvements in technology?,00:27:00 - 00:27:20,01/03/2024,https://www.youtube.com/watch?v=gKO2heHxaM0,Tesla Roadster and Fisker Ocean Updates
Tesla's focus on Robotaxi development driven by advancements in FSD12.,Autonomous Driving,0.7,0.85,"Tesla's renewed focus on Robotaxi development is driven by significant progress in their Full Self-Driving (FSD) technology. The improvements in FSD12 have given Tesla the confidence to prioritize Robotaxi, which could revolutionize urban transportation and provide a competitive edge over rivals like Waymo. This is a positive development for Tesla's autonomous driving division, potentially leading to increased market share in the autonomous vehicle sector.",Tesla has had some breakthroughs with FSD12 and they've already announced they're going to start talking about their RoboTaxi initiative in a more public way.,00:42:14 - 00:42:19,18/04/2024,https://www.youtube.com/watch?v=D4BQCaVMjg4,"Ep7. The Great IPO Debate, Tesla Robotaxi v Uber, Tech Check | BG2 with Bill Gurley & Brad Gerstner"
Increased confidence in Tesla's data advantage due to FSD performance.,Autonomous Driving,0.8,0.88,"Tesla's growing confidence in its data advantage, driven by the performance of FSD, suggests a strong competitive edge in autonomous driving technology. The accumulation of over a billion miles driven with FSD and the rapid monthly increase further solidify Tesla's leadership in this area. This positive sentiment bodes well for Tesla's future in autonomous driving and its ability to leverage data for continuous improvement.",I think that their confidence that their data advantage is increasing dramatically is going up.,00:43:54 - 00:43:59,18/04/2024,https://www.youtube.com/watch?v=D4BQCaVMjg4,"Ep7. The Great IPO Debate, Tesla Robotaxi v Uber, Tech Check | BG2 with Bill Gurley & Brad Gerstner"
Impact of AI on Tesla's Autonomous Driving Technology,Autonomous Driving,0.7,0.85,"The discussion highlights how AI is crucial for Tesla's autonomous driving technology, positioning the company as a leader in this area. The positive sentiment is driven by the effective use of AI, which is a significant advantage for Tesla.",The whole thing about sunshine the company we made clever uses of AI and also their company culture is be nice or leave.,00:31:07 - 00:31:17,08/04/2024,https://www.youtube.com/watch?v=HKgKSIiDoso,"Get at the Young Youngs - Tesla Robotaxi, Marissa Mayer’s Sunshine"
Apple's Shift to AI Focus,Autonomous Driving Technology,0.2,0.7,"Apple's redirection of resources towards AI could signal potential advancements in AI-driven technologies, which might indirectly influence Tesla's own AI and autonomous driving developments. However, since Tesla is already ahead in this space, the impact might be minimal but still noteworthy.",Another reason for killing the car project at this point is there were a lot of software engineers working on this... tied up in Project Titan that they can utilize better in the near term for generative AI efforts around the rest of the company.,00:24:31 - 00:24:52,04/03/2024,https://pdst.fm/e/pscrb.fm/rss/p/cdn.twit.tv/libsyn/twit_969/b26992aa-b1b1-4f90-a2b7-efc6a7d4b42a/R1_twit0969.mp3,"Chasing Shadows in the Digital Abyss - Doomed Apple Car, Chinese EVs, MWC Roundup"
Transition to an end-to-end neural network model for FSD (Full Self-Driving),Autonomous Vehicles,0.8,0.9,"Tesla's shift to an end-to-end neural network model driven by imitation learning represents a significant leap in the development of autonomous driving. This transition increases the likelihood of achieving full autonomy due to the model's ability to process vast amounts of data and learn from real driving experiences. The simplicity and scalability of this approach are likely to accelerate Tesla's lead in the autonomous vehicle market, making it more competitive.","They've completely tossed all of that out and gone with a neural network model where they're uploading videos from their best drivers... it's way more elegant. It requires them to upload a hell of a lot of video, but it's way more likely to be successful.",00:04:00 - 00:07:00,07/03/2024,https://www.youtube.com/watch?v=bD1rrBBcJSA,"Ep4. Tesla FSD 12, Imitation AI Models, Open vs Closed AI Models, Delaware vs Elon, & Market Update"
Consumer skepticism regarding the Roadster,Brand and Customer Experience,-0.5,0.9,"The repeated delays and exaggerated promises about the Tesla Roadster have led to growing consumer skepticism. Many customers who pre-ordered the vehicle years ago are now questioning whether they will ever receive it, which harms Tesla's reputation and could lead to a loss of brand loyalty.",If you had invested that money in Tesla stock you could have bought a very cool car...you could have bought like six Fisker Oceans.,00:12:00 - 00:12:20,01/03/2024,https://www.youtube.com/watch?v=gKO2heHxaM0,Tesla Roadster and Fisker Ocean Updates
Market Perception and Stigma,Brand and Marketing,-0.2,0.75,"There is a significant stigma and cultural resistance to EVs, especially in regions with strong ties to the oil industry. This resistance could hinder Tesla's growth in these markets, as fleet managers and municipalities may be hesitant to adopt EVs due to cultural and political factors.",If you're in rural Texas... running an EV is probably not going to be looked at as a plus just because there's so much stigma there.,00:08:00 - 00:09:00,25/02/2024,https://anchor.fm/s/92e5cf8/podcast/play/82871822/https%3A%2F%2Fd3ctxlq1ktw2nl.cloudfront.net%2Fstaging%2F2024-1-19%2F367966679-44100-2-57e647aac537e.m4a,"Electrifying Government Fleets — Police, Charging Stations, Etc."
Market Perception and Stigma,Brand and Marketing,-0.2,0.75,"There is a significant stigma and cultural resistance to EVs, especially in regions with strong ties to the oil industry. This resistance could hinder Tesla's growth in these markets, as fleet managers and municipalities may be hesitant to adopt EVs due to cultural and political factors.",If you're in rural Texas... running an EV is probably not going to be looked at as a plus just because there's so much stigma there.,00:08:00 - 00:09:00,23/02/2024,https://anchor.fm/s/92e5cf8/podcast/play/83066953/https%3A%2F%2Fd3ctxlq1ktw2nl.cloudfront.net%2Fstaging%2F2024-1-23%2F368442942-44100-2-9a9372c5b0c5d.m4a,"The Changing US Solar Industry — IRA, Net Metering, & More"
Challenges in fossil fuel transition for banks,Corporate,-0.3,0.7,The podcast discusses the inertia and challenges banks face in transitioning away from fossil fuel investments. This could pose a challenge to Tesla's corporate strategies as it seeks to align with financial institutions that are not fully committed to sustainable investments.,It's inertia. Exactly. And totally inertia.,00:19:03 - 00:19:10,19/04/2024,https://anchor.fm/s/92e5cf8/podcast/play/85430659/https%3A%2F%2Fd3ctxlq1ktw2nl.cloudfront.net%2Fstaging%2F2024-3-15%2F374355258-44100-2-8068697455e8a.m4a,How the Financial System Can Accelerate the Cleantech Revolution
Elon Musk's leadership and public perception,Corporate and Leadership,-0.2,0.8,"Musk's leadership style and public statements often draw attention, both positive and negative. The podcast notes that while Musk is a visionary leader, his controversial actions can sometimes negatively impact Tesla's public perception.","Elon Musk's latest comments have sparked debate yet again, dividing public opinion on Tesla.",00:15:30 - 00:16:15,16/02/2024,https://www.youtube.com/watch?v=WoiKXJ1oDbg,"OpenAI's New Video Generation Model, Zuck Returns Fire, Tesla's Fatal Crash"
Elon Musk's Financial Demands,Corporate Finance,-0.4,0.75,"Elon Musk's demand for his compensation package, particularly in the context of the ongoing challenges faced by Tesla, could be seen as a negative factor. This situation may create internal friction within Tesla and attract negative media attention, potentially affecting investor sentiment and Tesla's stock price.",Elon Musk says please pay me my 56 billion dollars.,00:00:27 - 00:00:31,22/04/2024,https://pdst.fm/e/pscrb.fm/rss/p/cdn.twit.tv/libsyn/twit_976/b26992aa-b1b1-4f90-a2b7-efc6a7d4b42a/R1_twit0976.mp3,"Serial Churners - Netflix Earnings, Cybertruck Recall, FISA"
Musk's Influence and Twitter Acquisition,Corporate Governance,-0.4,0.75,"The discussion suggests that Elon Musk's acquisition of Twitter has negatively impacted Tesla, as the company was used as a bank account to fund the acquisition, raising concerns about Musk's focus and the financial health of Tesla.",We were talking about how Tesla was basically the bank account for its Twitter acquisition.,00:05:47 - 00:05:53,15/03/2024,https://chrt.fm/track/587DA2/traffic.megaphone.fm/RRM7012953512.mp3?updated=1710465170,Bond Yields Show Me The Way with Caleb Silver of Investopedia
Elon's compensation package being voided,Corporate Governance,-0.7,0.9,"The voiding of Elon Musk's compensation package is a significant blow to Tesla's corporate governance structure. It suggests instability and unpredictability in how Tesla compensates its leadership, which could demotivate not only Musk but other key executives. This might lead to challenges in retaining top talent and could negatively impact shareholder confidence.","On Tuesday, a Delaware judge voided Elon's pay package siding with the investor.",00:36:27 - 00:56:26,02/02/2024,https://www.youtube.com/watch?v=bUuEE2jmP2c,"E164: Zuck’s Senate apology, Elon's comp package voided, crony capitalism, Reddit IPO, drone attack"
Potential shift in corporate structure and location,Corporate Governance,-0.5,0.7,"The unpredictability of Delaware courts could lead Tesla to consider shifting its corporate structure or incorporating in a different state. This might introduce legal and operational challenges, disrupting Tesla's current governance model.","These incremental companies that I've started, are in Nevada, they're in different places, because I find the Delaware court slightly and increasingly unpredictable.",00:44:26 - 00:46:24,02/02/2024,https://www.youtube.com/watch?v=bUuEE2jmP2c,"E164: Zuck’s Senate apology, Elon's comp package voided, crony capitalism, Reddit IPO, drone attack"
Media and public skepticism towards emerging technologies,Corporate Image and Marketing,-0.3,0.75,"Tesla needs to be cautious of the increasing skepticism in the media and public towards emerging technologies, especially as the company continues to push the envelope with innovations like full self-driving cars and AI. A shift in public sentiment could impact Tesla's brand and consumer trust.","And I feel like it just is such a disservice to people, especially like if you're in school and you're thinking, what's what am I going to study with my career? Oh, hydrogen.",00:37:27 - 00:37:32,18/03/2024,https://anchor.fm/s/92e5cf8/podcast/play/84178691/https%3A%2F%d3ctxlq1ktw2nl.cloudfront.net%2Fstaging%2F2024-2-18%2F371292174-44100-2-349b1451650f1.m4a,16 Years in the Cleantech Revolution
Declining investor confidence in Elon Musk due to Twitter acquisition.,Corporate Leadership,-0.7,0.9,"Elon Musk's acquisition and management of Twitter has raised concerns among Tesla investors. The perception that Musk is overextended and possibly distracted from Tesla's core operations could negatively impact investor sentiment and, consequently, Tesla's stock performance.",You can't look at how he's run Twitter and think that this guy is always a genius who makes all the right calls at every moment.,00:18:17 - 00:19:19,19/02/2024,https://chrt.fm/track/587DA2/traffic.megaphone.fm/RRM4262806646.mp3?updated=1708359519,"The Chronicler of Calamities with Bethany McLean, Author of 'The Big Fail'"
Tesla's underperformance relative to broader market trends,Corporate Performance,-0.7,0.85,"Tesla has been underperforming compared to the broader market, which has seen a 23% rise while Tesla is down 10% from its October lows. This indicates that market participants are losing confidence in Tesla's ability to meet earnings expectations, leading to decreased investor interest.","Tesla is I believe, rough math, 10 percent below the October lows whereas the S&P is up 23 percent from the October lows.",00:02:50 - 00:03:10,06/03/2024,https://chrt.fm/track/587DA2/traffic.megaphone.fm/RRM3967325298.mp3?updated=1709738260,What Are We Doing At Market Highs
Pressure from investors on decarbonization targets,Corporate Strategy,-0.3,0.9,"There is significant pressure from investors on Tesla to achieve its decarbonization targets, particularly around Scope 3 emissions. This pressure could strain Tesla's resources and divert attention from other strategic goals. However, it also pushes the company to innovate in its supply chain management, which could have long-term benefits.","There's increased pressure, they are looking to get better clarification on their spend, where their suppliers are located, but really, what plans are in place and how do they really educate and engage those suppliers to take action?",00:03:48 - 00:04:11,23/01/2024,https://anchor.fm/s/92e5cf8/podcast/play/81564882/https%3A%2F%d3ctxlq1ktw2nl.cloudfront.net%2Fstaging%2F2024-0-21%2F364286858-44100-2-7623b77617246.m4a,How Software will Transform and Accelerate Supply Chain Decarbonization
Public perception of EV complexity,Customer Experience,-0.3,0.7,"The discussion reveals concerns that the perceived complexity of owning and charging an EV may deter some potential buyers, especially those not well-versed in technology. This perception could negatively impact Tesla's efforts to attract a broader customer base.","If it's too complicated for him, it's too complicated for most Americans.",00:22:17 - 00:22:25,19/02/2024,https://anchor.fm/s/92e5cf8/podcast/play/82869788/https%3A%2F%d3ctxlq1ktw2nl.cloudfront.net%2Fstaging%2F2024-1-19%2F367961909-44100-2-66722fd7bd06e.m4a,"EV Myths, Confusion, & Reality"
User Experience and Design Challenges in Tesla's Software Interface,Customer Experience,-0.5,0.7,"Tesla's software interface, particularly in-car systems, may face challenges in design and user experience. This negative sentiment is due to criticism of outdated design choices, which could affect customer satisfaction and brand perception.",Somebody said this looks like it was designed in 1996 by a Latvian postcard company.,00:24:28 - 00:24:35,08/04/2024,https://www.youtube.com/watch?v=HKgKSIiDoso,"Get at the Young Youngs - Tesla Robotaxi, Marissa Mayer’s Sunshine"
Collection and processing of massive amounts of driving data,Data Infrastructure,0.7,0.85,"Tesla's ability to collect and process vast amounts of data from millions of vehicles gives it a significant advantage over competitors. This data is crucial for training and refining their neural network models, particularly in identifying and learning from edge cases that are critical for improving autonomous driving. This capability will likely enhance Tesla's overall data infrastructure and support continuous improvement of their FSD technology.","They're literally pulling this compressed, filtered data every single night off of these cars... they build an autonomous system that is constantly fine-tuning these models.",00:14:00 - 00:16:00,07/03/2024,https://www.youtube.com/watch?v=bD1rrBBcJSA,"Ep4. Tesla FSD 12, Imitation AI Models, Open vs Closed AI Models, Delaware vs Elon, & Market Update"
Data Management and Transparency,Data Management,0.4,0.7,"The need for accurate and real-time data on carbon footprint poses challenges for Tesla's data management systems. While the company is making strides, the complexity of tracking data across global supply chains requires continuous improvement in data transparency and management.",It's impossible due to globalization and complex supply chains... it's a massive challenge.,00:16:00 - 00:16:20,12/02/2024,https://anchor.fm/s/92e5cf8/podcast/play/82581493/https%3A%2F%d3ctxlq1ktw2nl.cloudfront.net%2Fstaging%2F2024-1-12%2F367211666-44100-2-fb3152d4ea1de.m4a,"From Cloud to Carbon: Revolutionizing Product Development with PTC Arena, ProGlove, Yook"
Privacy Concerns Related to Data Management in Tesla Vehicles,Data Privacy and Security,-0.4,0.75,"Privacy concerns are becoming increasingly important for Tesla, especially as their vehicles collect large amounts of data. The negative sentiment arises from the potential risks associated with data breaches or misuse, which could impact customer trust.",It's so great that like no one has privacy. It's basically an app where it's like everyone will know what you're doing and where you are and who you're with at all times.,00:29:20 - 00:29:26,08/04/2024,https://www.youtube.com/watch?v=HKgKSIiDoso,"Get at the Young Youngs - Tesla Robotaxi, Marissa Mayer’s Sunshine"
Increased focus on climate-positive financing,Energy,0.8,0.9,The emphasis on financing solar installations and other renewable energy solutions through platforms like Atmos highlights the growing importance of sustainable energy investments. This is likely to positively impact Tesla's energy division by increasing demand for solar products and other clean technologies.,"A hundred percent of the deposits that are placed into our care are used to finance rooftop solar, heat pumps, and other clean electrification projects.",00:10:09 - 00:10:32,19/04/2024,https://anchor.fm/s/92e5cf8/podcast/play/85430659/https%3A%2F%2Fd3ctxlq1ktw2nl.cloudfront.net%2Fstaging%2F2024-3-15%2F374355258-44100-2-8068697455e8a.m4a,How the Financial System Can Accelerate the Cleantech Revolution
Integration of solar with home construction,Energy,0.7,0.85,"The future of climate infrastructure, as discussed in the podcast, involves integrating solar and other clean technologies into home construction from the start. This vision aligns with Tesla’s energy products, which could see increased demand as these practices become more widespread.","Solar should be a part of the initial construction, batteries, heat pumps, electrification.",00:31:15 - 00:31:37,19/04/2024,https://anchor.fm/s/92e5cf8/podcast/play/85430659/https%3A%2F%2Fd3ctxlq1ktw2nl.cloudfront.net%2Fstaging%2F2024-3-15%2F374355258-44100-2-8068697455e8a.m4a,How the Financial System Can Accelerate the Cleantech Revolution
Energy storage system safety,Energy,0.5,0.8,"Tesla's energy storage division faces significant scrutiny regarding fire safety testing for their battery systems. The discussion highlights the importance of exceeding baseline fire safety standards, particularly for large-scale energy storage systems, which Tesla produces. This factor is positive but mixed due to the ongoing need for rigorous safety testing and the associated costs.",So fire safety testing is critical for many reasons... it's essential to address those safety concerns.,00:04:23 - 00:05:19,09/04/2024,https://anchor.fm/s/92e5cf8/podcast/play/85167159/https%3A%2F%d3ctxlq1ktw2nl.cloudfront.net%2Fstaging%2F2024-3-9%2F373695002-44100-2-e024516cf6d4b.m4a,Meeting & Exceeding Energy Storage Fire Testing Requirements
Public perception of energy storage safety,Energy,-0.3,0.7,"There is growing public concern about the safety of large energy storage systems, particularly due to past incidents of fires and explosions. This negative sentiment could affect Tesla's market position if not properly managed through enhanced safety protocols and transparent communication.","In recent years, there's been a number of fires at these large energy storage facilities, which honestly has resulted in negative public perceptions...",00:04:52 - 00:05:07,09/04/2024,https://anchor.fm/s/92e5cf8/podcast/play/85167159/https%3A%2F%d3ctxlq1ktw2nl.cloudfront.net%2Fstaging%2F2024-3-9%2F373695002-44100-2-e024516cf6d4b.m4a,Meeting & Exceeding Energy Storage Fire Testing Requirements
Regulatory advancements in fire safety standards,Energy,0.4,0.9,"As the industry matures, regulatory bodies are expected to raise fire safety standards. Tesla's proactive involvement in these discussions positions it well to meet future requirements, but the need for continuous adaptation could increase operational complexity.","Yes, code committees like UL 9540 and NFP 855 are gearing up for another round of revisions.",00:07:55 - 00:08:04,09/04/2024,https://anchor.fm/s/92e5cf8/podcast/play/85167159/https%3A%2F%d3ctxlq1ktw2nl.cloudfront.net%2Fstaging%2F2024-3-9%2F373695002-44100-2-e024516cf6d4b.m4a,Meeting & Exceeding Energy Storage Fire Testing Requirements
Cost and investment in exceeding safety standards,Energy,-0.1,0.85,"While exceeding safety standards can enhance Tesla's reputation and product reliability, it also requires significant financial investment. This could impact the cost structure and margins in Tesla's energy division, particularly as they strive to maintain leadership in safety.","Yeah, you're seeing a lot of companies going above and beyond and performing large scale fire tests that are absolutely worst case... it's costly to do more than is required.",00:08:51 - 00:09:00,09/04/2024,https://anchor.fm/s/92e5cf8/podcast/play/85167159/https%3A%2F%d3ctxlq1ktw2nl.cloudfront.net%2Fstaging%2F2024-3-9%2F373695002-44100-2-e024516cf6d4b.m4a,Meeting & Exceeding Energy Storage Fire Testing Requirements
Regulatory Challenges and Renewable Energy Adoption,Energy,0.7,0.9,"Tesla's energy division faces significant opportunities as well as challenges in the regulatory environment for scaled-up renewable energy. The conversation highlighted the difficulties in transitioning to renewable energy sources, particularly in states with less friendly regulatory frameworks. Despite these challenges, the push towards resilience and localizing energy systems is seen as a positive development for Tesla's growth in this sector.","Unlike a lot of States, we didn't have a particularly friendly regulatory environment for scaled up renewable energy.",00:08:01 - 00:08:16,05/02/2024,https://anchor.fm/s/92e5cf8/podcast/play/82245685/https%3A%2F%d3ctxlq1ktw2nl.cloudfront.net%2Fstaging%2F2024-1-5%2F366288213-44100-2-0235e4a46522c.m4a,"Resilience in Face of Climate Crisis, & COP28 Highlights"
Resilience and Localized Energy Systems,Energy,0.8,0.95,"Tesla's efforts in promoting localized energy systems, particularly through solar energy adoption campaigns, are positioned to strengthen their market presence. The focus on resilience aligns well with Tesla's mission to accelerate the world's transition to sustainable energy, indicating positive sentiment for the company's energy products.",Let's localize our energy system with a solar adoption campaign.,00:05:01 - 00:05:10,05/02/2024,https://anchor.fm/s/92e5cf8/podcast/play/82245685/https%3A%2F%d3ctxlq1ktw2nl.cloudfront.net%2Fstaging%2F2024-1-5%2F366288213-44100-2-0235e4a46522c.m4a,"Resilience in Face of Climate Crisis, & COP28 Highlights"
Global market conditions and energy prices,Energy & Production,-0.1,0.7,"Tesla's operations, particularly in energy and production, could be affected by global market conditions, including fluctuations in crude oil prices. These external factors may influence Tesla's cost structures and supply chain dynamics, impacting their bottom line.","Crude oil is at $77. We were talking about crude at $70 just a couple weeks ago. So all of a sudden, there's a whole host, in my opinion, of headwinds towards equity valuations.",00:16:30 - 00:16:50,26/01/2024,https://chrt.fm/track/587DA2/traffic.megaphone.fm/RRM2709878079.mp3?updated=1706280548,"Signs, Signs, Everywhere the Market Signs with Stephanie Link of Hightower Advisors"
Infrastructure Costs and Challenges,Energy and Charging Infrastructure,0.3,0.8,"The need for infrastructure, particularly charging stations, is a barrier for municipal adoption of EVs. Municipal fleets are accustomed to refueling vehicles quickly with gas, and the transition to an EV fleet would require significant investment in charging infrastructure. This could slow the adoption process, but it also represents an opportunity for Tesla Energy to provide solutions.",The idea that they would want to have access to on-site charging so they could plug in overnight is not something I had totally thought of.,00:22:00 - 00:23:00,25/02/2024,https://anchor.fm/s/92e5cf8/podcast/play/82871822/https%3A%2F%2Fd3ctxlq1ktw2nl.cloudfront.net%2Fstaging%2F2024-1-19%2F367966679-44100-2-57e647aac537e.m4a,"Electrifying Government Fleets — Police, Charging Stations, Etc."
Infrastructure Costs and Challenges,Energy and Charging Infrastructure,0.3,0.8,"The need for infrastructure, particularly charging stations, is a barrier for municipal adoption of EVs. Municipal fleets are accustomed to refueling vehicles quickly with gas, and the transition to an EV fleet would require significant investment in charging infrastructure. This could slow the adoption process, but it also represents an opportunity for Tesla Energy to provide solutions.",The idea that they would want to have access to on-site charging so they could plug in overnight is not something I had totally thought of.,00:22:00 - 00:23:00,23/02/2024,https://anchor.fm/s/92e5cf8/podcast/play/83066953/https%3A%2F%2Fd3ctxlq1ktw2nl.cloudfront.net%2Fstaging%2F2024-1-23%2F368442942-44100-2-9a9372c5b0c5d.m4a,"The Changing US Solar Industry — IRA, Net Metering, & More"
Shift in public perception towards hydrogen technology,Energy Generation and Storage,-0.6,0.85,"The podcast highlights the persistent but misplaced optimism around hydrogen as a clean energy source, which has not materialized into a viable alternative to battery electric vehicles (BEVs). This continued focus on hydrogen by some players in the market could lead to distraction or misallocation of resources that might otherwise support the more promising areas like Tesla's battery technology and energy storage solutions.","But it's like embarrassing because it's they obviously lost. I mean, it's not going to break through, dude.",00:16:57 - 00:17:13,18/03/2024,https://anchor.fm/s/92e5cf8/podcast/play/84178691/https%3A%2F%d3ctxlq1ktw2nl.cloudfront.net%2Fstaging%2F2024-2-18%2F371292174-44100-2-349b1451650f1.m4a,16 Years in the Cleantech Revolution
Decline in small wind turbine technology,Energy Generation and Storage,0.4,0.7,The decline in small wind turbine technology and the shift towards more reliable and scalable renewable energy solutions like solar and battery storage could benefit Tesla's energy division. Tesla's focus on large-scale energy solutions aligns with the market's move away from less efficient technologies.,"But Google's still behind it and so-and-so's behind it and this is behind it. And I mean, it proved out he was right. And they dumped it eventually after years of dumping money into it.",00:34:28 - 00:34:39,18/03/2024,https://anchor.fm/s/92e5cf8/podcast/play/84178691/https%3A%2F%d3ctxlq1ktw2nl.cloudfront.net%2Fstaging%2F2024-2-18%2F371292174-44100-2-349b1451650f1.m4a,16 Years in the Cleantech Revolution
Expansion into new markets and technologies,Expansion and R&D,0.5,0.7,"Tesla's efforts to expand into new markets and invest in emerging technologies like energy storage and AI are seen as positive. However, the podcast mentions that these ventures carry risks, particularly in terms of execution and market reception.","Tesla's expansion into energy storage is promising, but it's a risky bet that could take years to pay off.",00:18:20 - 00:19:10,16/02/2024,https://www.youtube.com/watch?v=WoiKXJ1oDbg,"OpenAI's New Video Generation Model, Zuck Returns Fire, Tesla's Fatal Crash"
Tesla's Stock Decline,Finance,-0.7,0.9,"Tesla's stock has experienced significant volatility, with the price falling sharply at the end of 2022 and continuing to underperform throughout 2023. The discussion highlights concerns about Tesla's valuation and the market's reaction to its recent earnings reports, indicating a broader loss of investor confidence.","One of the things that I found pretty fascinating is, like, we took a lot of heat about Tesla last year... the stock's down 4%, trading at 162. The April 2023 low was 152.",00:04:43 - 00:05:34,15/03/2024,https://chrt.fm/track/587DA2/traffic.megaphone.fm/RRM7012953512.mp3?updated=1710465170,Bond Yields Show Me The Way with Caleb Silver of Investopedia
Valuation Concerns,Finance,-0.6,0.85,"The discussion raises concerns about whether Tesla should be valued more like a traditional auto company rather than a tech company. There is a growing realization that Tesla's current valuation may be overly optimistic, especially given its recent performance and competition.","People are giving up the ghost as far as, oh, tech and this stuff... It should be valued more like a legacy auto company.",00:05:58 - 00:06:09,15/03/2024,https://chrt.fm/track/587DA2/traffic.megaphone.fm/RRM7012953512.mp3?updated=1710465170,Bond Yields Show Me The Way with Caleb Silver of Investopedia
Impact of High Interest Rates on EV Sales,Finance,-0.4,0.8,"High interest rates are making EVs, including Tesla's, less affordable for the average consumer, affecting the company's financial performance. The discussion suggests that the cost of financing is becoming a significant barrier for potential buyers.","We went from getting a rate of 2% to now eight, 9% that changes the monthly payment process for somebody... it all comes down to what that monthly payment is.",00:18:18 - 00:19:52,05/04/2024,https://anchor.fm/s/92e5cf8/podcast/play/85017597/https%3A%2F%d3ctxlq1ktw2nl.cloudfront.net%2Fstaging%2F2024-3-5%2F373334240-44100-2-3622a198efcea.m4a,"EV Questions, Answers, & Solutions for Mainstream Buyers"
Tesla's recent profit-taking in the market after significant gains in the previous year.,Finance,-0.2,0.85,"Tesla experienced some profit-taking at the start of the year after substantial gains in 2023. Although this isn't necessarily a negative long-term indicator, it reflects a short-term cooling off in investor enthusiasm, which could affect the stock's volatility.","Gene, we started the year off with some profit taking in the MAG-7, right? We saw some of the biggest names that had some of the biggest gains being sold in that first week of the year.",00:04:52 - 00:05:00,24/01/2024,https://chrt.fm/track/587DA2/traffic.megaphone.fm/RRM9176193466.mp3?updated=1706058544,"New Year, New AI Winners with Gene Munster"
Impact of potential broader market sentiment and economic factors on Tesla's stock performance.,Finance,-0.3,0.8,"The broader market sentiment, driven by macroeconomic factors like interest rates and inflation, could create headwinds for Tesla, especially if the economy weakens or investor sentiment shifts negatively.",Markets act on sentiment. And right now we still have this concentration of excitement and exuberance in a very small group of stocks.,00:19:07 - 00:19:17,24/01/2024,https://chrt.fm/track/587DA2/traffic.megaphone.fm/RRM9176193466.mp3?updated=1706058544,"New Year, New AI Winners with Gene Munster"
High inflation and rising commodity prices impacting consumer spending and corporate margins.,Finance,-0.7,0.9,"The discussion highlighted concerns over inflationary pressures, which are increasing costs for both consumers and corporations. This is expected to squeeze corporate margins, particularly in Q2 earnings, and impact Tesla's profitability.","If we have all of these inflationary pressures, at some point that is going to weigh on corporate margins.",00:10:57 - 00:11:22,05/04/2024,https://chrt.fm/track/587DA2/traffic.megaphone.fm/RRM7588869216.mp3?updated=1712293864,Now Bulls Can’t Leave with Ben Kallo of RW Baird
CFO resignation signaling potential financial instability or unsustainable margins.,Finance,-0.6,0.85,"The resignation of Tesla's long-time CFO could indicate underlying financial issues within the company, particularly concerning unsustainable margins. This departure may signal to investors that the company is facing significant challenges, which could erode market confidence.","Tesla, when the CFO who was there for years resigns... that's always a flag.",00:20:08 - 00:20:22,19/02/2024,https://chrt.fm/track/587DA2/traffic.megaphone.fm/RRM4262806646.mp3?updated=1708359519,"The Chronicler of Calamities with Bethany McLean, Author of 'The Big Fail'"
Potential for nefarious financial practices.,Finance,-0.4,0.7,"There is speculation about possible unethical or illegal financial practices within Tesla. Although no direct evidence is presented, the potential for such issues could pose significant risks if uncovered in the future.",Do you believe... we'll end up seeing something at Tesla that may have been somewhat nefarious?,00:20:42 - 00:21:13,19/02/2024,https://chrt.fm/track/587DA2/traffic.megaphone.fm/RRM4262806646.mp3?updated=1708359519,"The Chronicler of Calamities with Bethany McLean, Author of 'The Big Fail'"
Impact of rising interest rates on Tesla's ability to raise capital.,Finance,-0.5,0.8,"Tesla's ability to raise capital has historically been supported by a low-interest-rate environment. With rising interest rates, this ability may be significantly hampered, challenging Tesla's financial stability and growth prospects.",Does what's happened at Twitter create some discomfort in his investor base such that it's not as easy for him going forward?,00:21:19 - 00:21:42,19/02/2024,https://chrt.fm/track/587DA2/traffic.megaphone.fm/RRM4262806646.mp3?updated=1708359519,"The Chronicler of Calamities with Bethany McLean, Author of 'The Big Fail'"
Earnings expectations and market fundamentals,Finance and Revenue,-0.6,0.8,"The decline in Tesla's stock price is attributed to the downward revision of earnings expectations. This suggests that investors are becoming more cautious, favoring companies with stronger fundamentals and higher earnings potential.",Tesla is down because the earnings expectations of this company have come down by a tremendous amount.,00:03:30 - 00:04:00,06/03/2024,https://chrt.fm/track/587DA2/traffic.megaphone.fm/RRM3967325298.mp3?updated=1709738260,What Are We Doing At Market Highs
Massive shareholder value created under Elon's leadership,Financial Performance,0.8,0.85,"Despite the controversy around his compensation, Musk's leadership has undeniably created massive shareholder value, with Tesla's market cap growing exponentially. This growth is likely to sustain positive investor sentiment in the long term, though the recent ruling might introduce some short-term volatility.",Tesla went up 800%... every other investor made $500 billion.,00:36:27 - 00:49:03,02/02/2024,https://www.youtube.com/watch?v=bUuEE2jmP2c,"E164: Zuck’s Senate apology, Elon's comp package voided, crony capitalism, Reddit IPO, drone attack"
Economic impact of increased FSD penetration and pricing strategies,Financial Performance,0.6,0.75,"As Tesla's FSD technology improves, the company may adjust its pricing strategy to increase penetration, potentially lowering the price to drive higher adoption rates. This strategy could lead to a significant increase in revenue, especially if penetration rates reach 50%. The improved FSD technology will also generate more data, further enhancing the technology and creating a positive feedback loop.","If you get to 50% penetration, all of a sudden you're creating billions of dollars in incremental EBITDA.",00:22:00 - 00:24:00,07/03/2024,https://www.youtube.com/watch?v=bD1rrBBcJSA,"Ep4. Tesla FSD 12, Imitation AI Models, Open vs Closed AI Models, Delaware vs Elon, & Market Update"
Geopolitical risks and China's economic policy,Global Operations,-0.5,0.9,"Tesla's significant exposure to the Chinese market presents risks, especially given the ongoing geopolitical tensions and China's economic struggles. The Chinese government's attempts to stabilize its economy could create short-term trading opportunities, but the long-term risks remain substantial.",I don't think the worst is over in terms of what's going on in China... but I think they've basically decided they're going to throw a lot of money at the problem.,00:11:20 - 00:12:00,26/01/2024,https://chrt.fm/track/587DA2/traffic.megaphone.fm/RRM2709878079.mp3?updated=1706280548,"Signs, Signs, Everywhere the Market Signs with Stephanie Link of Hightower Advisors"
Competition in China,International Markets,-0.8,0.9,"Tesla is facing increased competition in China, particularly from BYD and other local manufacturers, which has significantly impacted its market share. This presents a major challenge for Tesla's growth in one of its most critical markets.",Tesla's obviously gotten demolished in China by the BYD and others.,00:05:53 - 00:06:03,06/03/2024,https://chrt.fm/track/587DA2/traffic.megaphone.fm/RRM3967325298.mp3?updated=1709738260,What Are We Doing At Market Highs
Gold and safe-haven assets becoming more attractive to investors.,Investor Relations,-0.3,0.6,"As investors turn to gold and other safe-haven assets, there might be a shift away from more volatile stocks like Tesla, potentially leading to lower stock prices and market cap volatility.","Gold has been rallying with interest rates going up, which historically it doesn't do.",00:14:56 - 00:15:01,05/04/2024,https://chrt.fm/track/587DA2/traffic.megaphone.fm/RRM7588869216.mp3?updated=1712293864,Now Bulls Can’t Leave with Ben Kallo of RW Baird
Disconnect in Tesla's short-term price action,Investor Relations,-0.3,0.75,The discrepancy between Tesla's stock price movement and the general market trend suggests a potential issue with investor confidence. The lack of an uptick despite anticipated news indicates that the market may be overly pessimistic or that Tesla's guidance did not meet investor expectations.,"This stock was $700 billion in market cap just a couple of weeks ago, which is Tesla, is down 13%, hasn't seen an uptick all day.",00:07:35 - 00:08:00,26/01/2024,https://chrt.fm/track/587DA2/traffic.megaphone.fm/RRM2709878079.mp3?updated=1706280548,"Signs, Signs, Everywhere the Market Signs with Stephanie Link of Hightower Advisors"
Weak demand for Tesla vehicles leading to workforce reduction.,Manufacturing and Sales,-0.6,0.9,"Tesla is experiencing weak demand for its vehicles, which has led to a 10% reduction in its workforce. This is a significant negative factor for Tesla's manufacturing and sales division, indicating challenges in sustaining growth and maintaining market position. The layoffs reflect broader concerns about the demand for Tesla's vehicles, which could impact revenue and profitability in the near term.","It's been a tough week for Tesla. They're laying off 14,000 people or about 10% of their workforce. Car demand is clearly weak, right?",00:43:09 - 00:43:16,18/04/2024,https://www.youtube.com/watch?v=D4BQCaVMjg4,"Ep7. The Great IPO Debate, Tesla Robotaxi v Uber, Tech Check | BG2 with Bill Gurley & Brad Gerstner"
EV Market Slowdown,Market,-0.6,0.85,"The electric vehicle market is experiencing a slowdown, and Tesla's growth rate is expected to decrease significantly. This is reflected in lower delivery expectations, which could lead to Tesla's growth stalling in the near future.",Tesla's deliveries could go X growth this year... that's one of the reasons why the stock has been selling off over the last week.,00:20:57 - 00:21:22,15/03/2024,https://chrt.fm/track/587DA2/traffic.megaphone.fm/RRM7012953512.mp3?updated=1710465170,Bond Yields Show Me The Way with Caleb Silver of Investopedia
Tesla's stock performance relative to other major tech companies,Market Perception,-0.4,0.85,"Tesla's stock is underperforming compared to other tech giants like Netflix and IBM, which have seen significant gains. This negative sentiment is likely due to market expectations and investor reactions to recent earnings and guidance, which could impact Tesla's market perception and investor confidence.","Tesla, is down 13%, hasn't seen an uptick all day.",00:07:40 - 00:07:50,26/01/2024,https://chrt.fm/track/587DA2/traffic.megaphone.fm/RRM2709878079.mp3?updated=1706280548,"Signs, Signs, Everywhere the Market Signs with Stephanie Link of Hightower Advisors"
Competitive advantage over other autonomous vehicle developers,Market Position,0.9,0.9,"Tesla's strategy and technological advancements, particularly in data collection and neural network model implementation, put it far ahead of competitors like Waymo and Cruz. The extensive data Tesla gathers from its vast fleet is a critical factor that competitors with fewer vehicles cannot easily replicate, solidifying Tesla's market leadership in autonomous driving.","If this type of neural network approach is the right answer, then who could compete? Several of the companies who would be least likely would be Cruz and Waymo because they just don't have that many cars.",00:17:00 - 00:20:00,07/03/2024,https://www.youtube.com/watch?v=bD1rrBBcJSA,"Ep4. Tesla FSD 12, Imitation AI Models, Open vs Closed AI Models, Delaware vs Elon, & Market Update"
Uncertainty around Fed rate decisions and impact on the broader market.,Market Strategy,-0.5,0.7,"Uncertainty around the Fed's actions could create market volatility, impacting Tesla's stock performance. A volatile market may undermine investor confidence, especially in high-growth stocks like Tesla.",If you are buying and selling this market based upon the expectation of whether the Fed's going to cut...you're doing it wrong.,00:07:02 - 00:07:28,05/04/2024,https://chrt.fm/track/587DA2/traffic.megaphone.fm/RRM7588869216.mp3?updated=1712293864,Now Bulls Can’t Leave with Ben Kallo of RW Baird
Parabolic moves in the market,Market Strategy,-0.2,0.8,"The discussion around parabolic moves in other tech stocks indicates a broader market trend that Tesla might be missing out on. While other companies are seeing rapid gains, Tesla's lack of participation in this trend could suggest strategic misalignment or external market pressures.","United Rentals, URI... these tech stocks, these semiconductor names continue to sort of go parabolic.",00:06:40 - 00:07:00,26/01/2024,https://chrt.fm/track/587DA2/traffic.megaphone.fm/RRM2709878079.mp3?updated=1706280548,"Signs, Signs, Everywhere the Market Signs with Stephanie Link of Hightower Advisors"
Potential reduction in FSD price to boost adoption,Marketing and Sales,0.65,0.8,"Tesla may consider lowering the price of its FSD package to boost adoption rates. By making FSD more accessible, Tesla can increase its customer base, gather more data for refining its autonomous systems, and ultimately enhance its competitive edge. The potential for reduced pricing indicates a strategic move to prioritize market share over short-term profits.","What if we reduce the price on this by half? What if Tesla said this is such a good product, we think we want to drive penetration, so let's make it 500 bucks a month, not 1000 bucks a month.",00:23:00 - 00:24:00,07/03/2024,https://www.youtube.com/watch?v=bD1rrBBcJSA,"Ep4. Tesla FSD 12, Imitation AI Models, Open vs Closed AI Models, Delaware vs Elon, & Market Update"
Consumer and Client Expectations,Marketing and Sales,0.5,0.75,"Tesla faces growing pressure from consumers and strategic clients to demonstrate transparency and sustainability. Meeting these expectations is crucial for maintaining market share and brand loyalty, especially in the electric vehicle industry where sustainability is a key selling point.",There is growing pressure from often strategic clients... to provide some initial transparency about what is actually the product footprint of your products.,00:12:00 - 00:13:00,12/02/2024,https://anchor.fm/s/92e5cf8/podcast/play/82581493/https%3A%2F%d3ctxlq1ktw2nl.cloudfront.net%2Fstaging%2F2024-1-12%2F367211666-44100-2-fb3152d4ea1de.m4a,"From Cloud to Carbon: Revolutionizing Product Development with PTC Arena, ProGlove, Yook"
Fundamental Challenges,Operations,-0.5,0.8,"The podcast highlights Tesla's fundamental challenges, including margins not recovering as expected and the market's recognition that Tesla might be more aligned with traditional automakers in terms of financial performance.",Now the stock is going lower in the absence of fundamentals... people come to the realization... that maybe it should be valued more like a legacy auto company.,00:06:35 - 00:07:04,15/03/2024,https://chrt.fm/track/587DA2/traffic.megaphone.fm/RRM7012953512.mp3?updated=1710465170,Bond Yields Show Me The Way with Caleb Silver of Investopedia
Adoption of energy efficiency measures,Operations,0.6,0.8,"Tesla's focus on energy efficiency within its operations and across its supply chain is a positive step toward reducing emissions. These measures not only contribute to decarbonization but also provide economic benefits, such as cost savings, which can improve overall business efficiency.",Energy efficiency usually involves a more straightforward return on investment.,00:17:51 - 00:18:02,23/01/2024,https://anchor.fm/s/92e5cf8/podcast/play/81564882/https%3A%2F%d3ctxlq1ktw2nl.cloudfront.net%2Fstaging%2F2024-0-21%2F364286858-44100-2-7623b77617246.m4a,How Software will Transform and Accelerate Supply Chain Decarbonization
Collaboration within the supply chain to achieve decarbonization,Partnerships and Alliances,0.7,0.85,"Tesla's ability to collaborate with its suppliers and other stakeholders within its supply chain is crucial for achieving decarbonization. Collaborative efforts, such as forming cohorts of suppliers to tackle emissions collectively, can lead to more substantial and scalable impact.",The suppliers see it as a powerful journey because they're getting the same message from their clients... It's a common target they're all walking towards.,00:14:18 - 00:15:47,23/01/2024,https://anchor.fm/s/92e5cf8/podcast/play/81564882/https%3A%2F%d3ctxlq1ktw2nl.cloudfront.net%2Fstaging%2F2024-0-21%2F364286858-44100-2-7623b77617246.m4a,How Software will Transform and Accelerate Supply Chain Decarbonization
Regulatory Pressure on Product Carbon Footprint,Product Lifecycle Management,0.7,0.9,"The increasing regulatory requirements, particularly in the US and Europe, are pushing companies like Tesla to focus heavily on product carbon footprint. This factor positively impacts Tesla's Product Lifecycle Management division as it aligns with global trends and strengthens their market position by meeting and exceeding regulatory standards.","There is a lot of regulatory requirements that are coming into place... in the US, we have California, the climate disclosure law, and we have the SEC.",00:11:09 - 00:12:40,12/02/2024,https://anchor.fm/s/92e5cf8/podcast/play/82581493/https%3A%2F%d3ctxlq1ktw2nl.cloudfront.net%2Fstaging%2F2024-1-12%2F367211666-44100-2-fb3152d4ea1de.m4a,"From Cloud to Carbon: Revolutionizing Product Development with PTC Arena, ProGlove, Yook"
Perception of unfair treatment towards Elon Musk,Public Relations,-0.6,0.8,"The perception that Elon Musk is being unfairly targeted, possibly due to political motivations, could harm Tesla's public image. This might foster a sense of injustice among Musk's supporters, potentially leading to a backlash against the regulatory environment Tesla operates within.","You just kind of wonder whether Biden's directive from the White House podium that we got to get this guy, or we got to look into this guy that he's an enemy...",00:55:29 - 00:56:26,02/02/2024,https://www.youtube.com/watch?v=bUuEE2jmP2c,"E164: Zuck’s Senate apology, Elon's comp package voided, crony capitalism, Reddit IPO, drone attack"
Public Perception and Media Influence,Public Relations,-0.3,0.7,"The media's portrayal of EVs, including Tesla, often focuses on negative aspects, which can influence public perception and potentially harm Tesla's reputation. However, the podcast suggests that many of these concerns are outdated or exaggerated.","The media world, the clickbait world... they want to gravitate towards division, and that can negatively impact consumer perception.",00:06:58 - 00:07:20,05/04/2024,https://anchor.fm/s/92e5cf8/podcast/play/85017597/https%3A%2F%d3ctxlq1ktw2nl.cloudfront.net%2Fstaging%2F2024-3-5%2F373334240-44100-2-3622a198efcea.m4a,"EV Questions, Answers, & Solutions for Mainstream Buyers"
Regulatory uncertainty surrounding the launch of Robotaxi services.,Regulatory and Legal,-0.3,0.75,"While Tesla is making strides in Robotaxi development, there is uncertainty around regulatory approval in various states. This could delay the launch and rollout of Tesla's Robotaxi services, creating a potential obstacle for the company's plans. The lack of communication with regulators may lead to further complications, impacting Tesla's ability to capitalize on its technological advancements.","Analysts dig in and they called the regulators in a couple of different states. The regulators said, we haven't heard from Tesla.",00:44:29 - 00:44:37,18/04/2024,https://www.youtube.com/watch?v=D4BQCaVMjg4,"Ep7. The Great IPO Debate, Tesla Robotaxi v Uber, Tech Check | BG2 with Bill Gurley & Brad Gerstner"
Technological Integration for Carbon Footprint Analysis,Research and Development,0.6,0.8,"Integrating product lifecycle management (PLM) with product carbon footprint (PCF) tools represents a significant technological advancement for Tesla. This integration facilitates better R&D processes by providing real-time data and analytics, which are crucial for developing more sustainable products.",PLM systems are very open... it's very easy to kind of feed information back and forth into different systems.,00:32:00 - 00:32:56,12/02/2024,https://anchor.fm/s/92e5cf8/podcast/play/82581493/https%3A%2F%d3ctxlq1ktw2nl.cloudfront.net%2Fstaging%2F2024-1-12%2F367211666-44100-2-fb3152d4ea1de.m4a,"From Cloud to Carbon: Revolutionizing Product Development with PTC Arena, ProGlove, Yook"
Innovative Product Development,Research and Development,0.7,0.9,"Despite challenges, Tesla continues to innovate, particularly in areas such as battery technology and autonomous driving. These developments are crucial for Tesla's long-term success and position the company as a leader in the EV market.",Elon Musk says please pay me my 56 billion dollars.,00:00:27 - 00:00:31,22/04/2024,https://pdst.fm/e/pscrb.fm/rss/p/cdn.twit.tv/libsyn/twit_976/b26992aa-b1b1-4f90-a2b7-efc6a7d4b42a/R1_twit0976.mp3,"Serial Churners - Netflix Earnings, Cybertruck Recall, FISA"
Tesla's reputation and stock impact due to fatal crash,Safety and Legal,-0.7,0.85,"The podcast discusses a fatal crash involving a Tesla vehicle, which is likely to have a negative impact on Tesla's reputation and stock value. The incident raises concerns about the safety of Tesla's autonomous driving technology, potentially leading to increased scrutiny and legal challenges.",Another tragic Tesla crash has everyone questioning the safety of their self-driving technology.,00:09:45 - 00:10:30,16/02/2024,https://www.youtube.com/watch?v=WoiKXJ1oDbg,"OpenAI's New Video Generation Model, Zuck Returns Fire, Tesla's Fatal Crash"
EV Demand Perception,Sales,0.7,0.85,"The discussion highlights that despite headlines suggesting a slowdown in EV demand, the actual data shows continued growth in EV sales, with Tesla being a leader in this market. This positive sentiment towards EV demand suggests a strong outlook for Tesla's sales division.",We saw the number one and number three best-selling cars in the world were EVs last year... demand is not slowing.,00:16:53 - 00:18:02,05/04/2024,https://anchor.fm/s/92e5cf8/podcast/play/85017597/https%3A%2F%d3ctxlq1ktw2nl.cloudfront.net%2Fstaging%2F2024-3-5%2F373334240-44100-2-3622a198efcea.m4a,"EV Questions, Answers, & Solutions for Mainstream Buyers"
Dealer Resistance to EV Adoption,Sales,-0.6,0.75,"Traditional car dealerships are actively discouraging customers from purchasing EVs, including Teslas, which could slow down the adoption rate and impact sales negatively. This resistance from dealers presents a challenge to Tesla's direct-to-consumer model.","Having a sales person who is actively anti-EV is hurtful, of course, to the overall adoption of things.",00:22:18 - 00:23:00,05/04/2024,https://anchor.fm/s/92e5cf8/podcast/play/85017597/https%3A%2F%d3ctxlq1ktw2nl.cloudfront.net%2Fstaging%2F2024-3-5%2F373334240-44100-2-3622a198efcea.m4a,"EV Questions, Answers, & Solutions for Mainstream Buyers"
Tesla's Direct-to-Consumer Sales Model,Sales,0.8,0.9,"Tesla's direct-to-consumer sales model is disrupting traditional dealership structures, leading to higher margins and better control over the sales process. This approach has been particularly effective in driving Tesla's success in the market.",Two of the three top-selling cars in the world were direct-to-consumer models... dealers either need to get with that program or figure out a way around it.,00:23:00 - 00:23:15,05/04/2024,https://anchor.fm/s/92e5cf8/podcast/play/85017597/https%3A%2F%d3ctxlq1ktw2nl.cloudfront.net%2Fstaging%2F2024-3-5%2F373334240-44100-2-3622a198efcea.m4a,"EV Questions, Answers, & Solutions for Mainstream Buyers"
Potential recession or economic slowdown.,Sales,-0.8,0.85,"The possibility of a recession or economic slowdown is raised, which could significantly reduce demand for Tesla's products. This would particularly affect sales and revenue growth, crucial for a company with high market expectations.","I was so convinced that by the second quarter of 2024...we would certainly see signs of a recession, signs of economic slowdown and dead wrong.",00:25:00 - 00:25:28,05/04/2024,https://chrt.fm/track/587DA2/traffic.megaphone.fm/RRM7588869216.mp3?updated=1712293864,Now Bulls Can’t Leave with Ben Kallo of RW Baird
Impact of high energy prices on consumer behavior.,Sales,-0.6,0.8,"Rising energy costs, particularly oil, could reduce consumer disposable income, leading to lower sales of high-priced goods like Tesla vehicles. This could impact Tesla's ability to maintain its sales growth.","When you look at oil and gasoline specifically, the impact that that's going to have on the consumer, Dan, to your point, not only does it hurt discretionary income...",00:13:00 - 00:13:15,05/04/2024,https://chrt.fm/track/587DA2/traffic.megaphone.fm/RRM7588869216.mp3?updated=1712293864,Now Bulls Can’t Leave with Ben Kallo of RW Baird
Possible long-term decline in Tesla's stock value.,Stock Performance,-0.6,0.75,"The discussion suggests that Tesla's stock could experience a significant decline due to a combination of factors, including Musk's management of Twitter, internal financial issues, and changing market conditions. This poses a long-term risk to the company's valuation.","There seemed to be no reason to sell three years ago, and now there seems to be very few reasons to buy.",00:18:01 - 00:18:10,19/02/2024,https://chrt.fm/track/587DA2/traffic.megaphone.fm/RRM4262806646.mp3?updated=1708359519,"The Chronicler of Calamities with Bethany McLean, Author of 'The Big Fail'"
Charging infrastructure and speed,Supercharging Network,0.7,0.85,"The podcast highlights Tesla's advancements in charging infrastructure, particularly the ability to charge quickly at supercharger stations. This is crucial for customer satisfaction and mass-market adoption, making it a positive factor for Tesla's Supercharging Network.",We're now at the point where it takes about as much time to fill up your EV with electrons as it does to fill up your internal combustion car.,00:14:45 - 00:15:15,19/02/2024,https://anchor.fm/s/92e5cf8/podcast/play/82869788/https%3A%2F%d3ctxlq1ktw2nl.cloudfront.net%2Fstaging%2F2024-1-19%2F367961909-44100-2-66722fd7bd06e.m4a,"EV Myths, Confusion, & Reality"
Challenges in decarbonization efforts for small and medium-sized suppliers,Supplier Relations,-0.4,0.75,"Tesla faces significant challenges in ensuring that small and medium-sized suppliers can keep pace with its decarbonization goals. Many of these suppliers lack the resources or expertise to implement necessary changes, which could hinder Tesla's broader sustainability efforts.",There's a lot of tasks coming at them. There's a ton of actions... It takes a lot of resources and a lot of time and they don't have the expertise potentially on site to do that.,00:06:16 - 00:06:42,23/01/2024,https://anchor.fm/s/92e5cf8/podcast/play/81564882/https%3A%2F%d3ctxlq1ktw2nl.cloudfront.net%2Fstaging%2F2024-0-21%2F364286858-44100-2-7623b77617246.m4a,How Software will Transform and Accelerate Supply Chain Decarbonization
Software as a tool for supply chain decarbonization,Supply Chain Management,0.5,0.8,"Software is increasingly becoming a pivotal tool in Tesla's efforts to decarbonize its supply chain. The ability to track, manage, and optimize supplier engagement through software can lead to significant emissions reductions, making Tesla's supply chain more resilient and aligned with sustainability goals.","Software designed the right way can definitely make a difference... It's oversimplifying it a little bit. But ultimately, what you're looking for is an engaged supplier, which then leads to the reduction that you need.",00:04:39 - 00:05:18,23/01/2024,https://anchor.fm/s/92e5cf8/podcast/play/81564882/https%3A%2F%d3ctxlq1ktw2nl.cloudfront.net%2Fstaging%2F2024-0-21%2F364286858-44100-2-7623b77617246.m4a,How Software will Transform and Accelerate Supply Chain Decarbonization
Supply Chain Challenges,Supply Chain Management,-0.5,0.8,"Ongoing supply chain issues continue to challenge Tesla, impacting its ability to meet production targets. These challenges are exacerbated by global shortages of key materials and components, which could delay deliveries and increase costs.","No specific quote available, inferred from general discussion.",00:01:30 - 00:02:00,22/04/2024,https://pdst.fm/e/pscrb.fm/rss/p/cdn.twit.tv/libsyn/twit_976/b26992aa-b1b1-4f90-a2b7-efc6a7d4b42a/R1_twit0976.mp3,"Serial Churners - Netflix Earnings, Cybertruck Recall, FISA"
Collaboration for Sustainability,Sustainability and Environmental Impact,0.8,0.85,"Tesla's collaboration with companies like ProGlove and Yook to enhance sustainability in product development indicates a strong commitment to reducing carbon footprint. This collaboration boosts the company's reputation in sustainability, positively influencing the environmental impact division.",We found out that we already have a joint kind of customer that we are working on... how to automate product carbon footprint analysis.,00:05:09 - 00:06:40,12/02/2024,https://anchor.fm/s/92e5cf8/podcast/play/82581493/https%3A%2F%d3ctxlq1ktw2nl.cloudfront.net%2Fstaging%2F2024-1-12%2F367211666-44100-2-fb3152d4ea1de.m4a,"From Cloud to Carbon: Revolutionizing Product Development with PTC Arena, ProGlove, Yook"
Tesla's positioning in the AI-driven future and its role in the MAG-7.,Technology,0.75,0.9,"Tesla is positioned as a significant player within the MAG-7 group, driven by AI and technological advancements. This positions Tesla well for future growth, particularly in the context of increased AI adoption.","Tesla, I think, a special part of this MAG-7, if you will.",00:10:01 - 00:10:03,24/01/2024,https://chrt.fm/track/587DA2/traffic.megaphone.fm/RRM9176193466.mp3?updated=1706058544,"New Year, New AI Winners with Gene Munster"
Tesla's earnings report and the focus on AI-driven growth.,Technology,0.6,0.88,"With the upcoming earnings report, Tesla's focus on AI and technology-driven growth will be critical. Investors will be watching closely to see how Tesla continues to leverage AI in its business operations.","We have Tesla that's going to report as you're listening to this Wednesday today. OK, and to me, we're going to spend a little special time on Tesla.",00:10:32 - 00:10:41,24/01/2024,https://chrt.fm/track/587DA2/traffic.megaphone.fm/RRM9176193466.mp3?updated=1706058544,"New Year, New AI Winners with Gene Munster"
Concerns about the quality of Red cameras post-Nikon acquisition,Technology,-0.4,0.85,"The acquisition of Red by Nikon raises concerns about the future quality of Red's products. If quality declines due to cost-cutting or strategic changes, it could harm Tesla’s reliance on high-quality imaging technology for its automotive and AI development.",The biggest worry would be if Red stuff starts declining in quality.,00:20:36 - 00:20:42,15/03/2024,https://www.youtube.com/watch?v=y6stCjgewfQ,You Can’t Sell Your Cybertruck and Nikon Buys RED
Nikon's financial stability and the impact on Red’s future,Technology,-0.5,0.8,Nikon's precarious financial situation and the uncertainty around its acquisition of Red could pose risks to the continued innovation and quality of the Red cameras used by Tesla. This could indirectly affect Tesla’s technology stack.,Theoretically everyone has kind of been like Nikon's on their deathbed for like years.,00:15:27 - 00:15:31,15/03/2024,https://www.youtube.com/watch?v=y6stCjgewfQ,You Can’t Sell Your Cybertruck and Nikon Buys RED
Potential benefits from Nikon's color science for Tesla,Technology,0.6,0.7,"If Nikon successfully integrates Red’s superior color science into its own products, it could benefit Tesla’s imaging and sensor technology, potentially improving the performance of Tesla’s self-driving and AI systems.","If we had suddenly had a bunch of Nikon cameras that like had Red level color science, I'd be pretty happy.",00:18:36 - 00:18:43,15/03/2024,https://www.youtube.com/watch?v=y6stCjgewfQ,You Can’t Sell Your Cybertruck and Nikon Buys RED
Competition from other tech companies in AI and autonomous driving,Technology and Innovation,-0.4,0.75,"The discussion highlights how Tesla faces stiff competition from companies like OpenAI and Google, which are advancing rapidly in AI. This competition could pressure Tesla to accelerate its own innovation or risk falling behind.","OpenAI's latest advancements show that Tesla's competitors are not slowing down, which could pose a significant challenge.",00:12:10 - 00:13:00,16/02/2024,https://www.youtube.com/watch?v=WoiKXJ1oDbg,"OpenAI's New Video Generation Model, Zuck Returns Fire, Tesla's Fatal Crash"
Challenges with fast charging infrastructure for large batteries.,Automotive,-0.5,0.75,"Tesla's large battery packs require significant charging infrastructure, which is not yet widely available. This creates logistical challenges for their customers and could slow down adoption of their vehicles.",Your standard home wall outlet really doesn't have enough power to charge one of those vehicles overnight.,00:12:11 - 00:12:33,29/01/2024,https://anchor.fm/s/92e5cf8/podcast/play/81565230/https%3A%2F%d3ctxlq1ktw2nl.cloudfront.net%2Fstaging%2F2024-0-21%2F364287911-44100-2-1fa5d6a70c465.m4a,Charging Systems for Off-Road EVs and Why It Matters to All of US
Battery degradation concerns with fast charging.,Automotive,-0.4,0.7,"Frequent fast charging can lead to battery degradation, reducing the effective lifespan of Tesla's vehicles. Addressing this issue is crucial for maintaining long-term customer satisfaction.","In the electric car space... use of fast charging to get it up to 100 percent, that degrades the battery... over time.",00:25:13 - 00:25:33,29/01/2024,https://anchor.fm/s/92e5cf8/podcast/play/81565230/https%3A%2F%d3ctxlq1ktw2nl.cloudfront.net%2Fstaging%2F2024-0-21%2F364287911-44100-2-1fa5d6a70c465.m4a,Charging Systems for Off-Road EVs and Why It Matters to All of US
Challenges with remote charging infrastructure for heavy equipment.,Energy,-0.3,0.8,Tesla faces significant challenges in providing adequate charging solutions for heavy equipment in remote areas. The lack of public infrastructure and the need for portable power sources add complexity to their energy operations.,Our job sites are in remote areas... we cannot count on the public infrastructure being available on every one of the sites.,00:03:02 - 00:03:50,29/01/2024,https://anchor.fm/s/92e5cf8/podcast/play/81565230/https%3A%2F%d3ctxlq1ktw2nl.cloudfront.net%2Fstaging%2F2024-0-21%2F364287911-44100-2-1fa5d6a70c465.m4a,Charging Systems for Off-Road EVs and Why It Matters to All of US
Innovation in micro-generation systems for remote sites.,Energy,0.4,0.7,"The development of micro-generation systems offers Tesla an opportunity to innovate in off-grid power solutions. This could mitigate some of the challenges associated with remote charging, providing a competitive edge.",Micro-generation systems are now starting to appear that will be viable for certain sites in remote areas where power is just not readily available.,00:04:17 - 00:04:30,29/01/2024,https://anchor.fm/s/92e5cf8/podcast/play/81565230/https%3A%2F%d3ctxlq1ktw2nl.cloudfront.net%2Fstaging%2F2024-0-21%2F364287911-44100-2-1fa5d6a70c465.m4a,Charging Systems for Off-Road EVs and Why It Matters to All of US
Advances in energy efficiency for electric machines.,Energy,0.7,0.85,Tesla's focus on energy efficiency in electric machines can significantly reduce operational costs and emissions. This aligns well with their broader goals of sustainability and could enhance their market position.,"We see ways to get the energy usage way down, which, of course, brings the cost down, brings less pollution... quieter, less noise, less vibration.",00:05:07 - 00:05:50,29/01/2024,https://anchor.fm/s/92e5cf8/podcast/play/81565230/https%3A%2F%d3ctxlq1ktw2nl.cloudfront.net%2Fstaging%2F2024-0-21%2F364287911-44100-2-1fa5d6a70c465.m4a,Charging Systems for Off-Road EVs and Why It Matters to All of US
Cybertruck Recall,Vehicle Manufacturing,-0.7,0.85,The recall of the Cybertruck due to safety concerns presents a significant setback for Tesla's vehicle manufacturing division. This not only affects the production schedule but also impacts Tesla's reputation for quality and innovation. The recall could result in financial losses and diminish consumer confidence in Tesla's new models.,Elon Musk says please pay me my 56 billion dollars.,00:00:27 - 00:00:31,22/04/2024,https://pdst.fm/e/pscrb.fm/rss/p/cdn.twit.tv/libsyn/twit_976/b26992aa-b1b1-4f90-a2b7-efc6a7d4b42a/R1_twit0976.mp3,"Serial Churners - Netflix Earnings, Cybertruck Recall, FISA"
